Title,Views,Channel
Why You Should Invest Early,64000000.0,Finance With Sharan
ğŸ“ˆ The Power of Compound Interest #shorts,64000000.0,Sean Pan
Petrol Pump Scamâ›½ï¸ #finance #petrol #education,59000000.0,Tejas Joshi Finance
Donâ€™t Pay Toll If Toll Plaza? #finance #money #business #gkhindi #gkindia #basicgyaan,53000000.0,Basic Gyaan
How The Economic Machine Works by Ray Dalio,42000000.0,Principles by Ray Dalio
How much money is in your bank account?  ğŸ¤”ğŸ’°  #shorts #finance #interview,41000000.0,Chris Stocks
Know Your Finance Pt. 4 #financewithsharan #shorts,40000000.0,Finance With Sharan
How to avoid student loans 101 ğŸ‘ğŸ¾ #shorts #finance #money #college #graduation,39000000.0,JC Rodriguez
How much money is in your bank account? ğŸ¤”ğŸ’° #shorts #finance #interview,37000000.0,Chris Stocks
Phyno - Financial Woman (Official Music Video) ft. P Square,38000000.0,PhynoFino
SoFi: Face of Finance,36000000.0,SoFi
Employment Bond #education #finance #job,31000000.0,Tejas Joshi Finance
"Finding $10,000 In Your Bank Account",25000000.0,Law By Mike
Challan Nahi Katega #traffic #law #finance #education,24000000.0,Tejas Joshi Finance
This Will Make Your Poor #financewithsharan #shorts,22000000.0,Finance With Sharan
Petrol Pump Scam | #fuel #finance #education #knowledge #petrolpump #fraud #petrol,21000000.0,Rohit Joshi
How much money is in your bank account? ğŸ¤”ğŸ’µ #shorts #finance #interview,19000000.0,Chris Stocks
Cash withdrawal from Credit Card | #finance #education #knowledge #creditcard #bank #atm,19000000.0,Rohit Joshi
The Last â‚¹1 Crore Plan #financewithsharan #shorts,18000000.0,Finance With Sharan
What Is a 401(k)?,17000000.0,Gohar Khan
Finance Minister's statement on FII selling!! #shorts #fii #financeminister #ankitavasthi,24000.0,Apni Pathshala
"""I am the Chief Minister and Finance Minister"": CM Omar Abdullah. Jammu Kashmir PM Modi BJP",170.0,News18 India
Finance Minister's statement on FII selling!! #shorts #fii #financeminister #ankitavasthi,15000.0,Baaten Bazar Ki (BBK)
